{"loss": 0.1901044249534607, "accuracy": 0.9292929172515869}