{"loss": 0.3017979562282562, "accuracy": 0.8905723690986633}