{"loss": 0.29702088236808777, "accuracy": 0.8619528412818909}